{
  "manifest": {
    "apis": {
      "custom": {
        "endpoint": {
          "sourceDir": "lambda/custom",
          "uri": "agt-colorcycler-skill"
        },
        "interfaces": [
          {
            "type": "CUSTOM_INTERFACE"
          }
        ]
      }
    },
    "manifestVersion": "1.0",
    "publishingInformation": {
      "locales": {
        "en-US": {
          "name": "ColorCyclerGadget",
          "summary": "AGT Color Cycler Gadget Example",
          "description": "AGT Color Cycler Gadget Example",
          "examplePhrases": [
            "Alexa, open color cycler"
          ]
        }
      },
      "isAvailableWorldwide": true,
      "testingInstructions": "Alexa, open color cycler",
      "category": "EDUCATION_AND_REFERENCE",
      "distributionCountries": []
    }
  }
}
